[{"name":"Bakala - Grocery Store","phone":"+922 3 7070 111","email":"bakala@gmail.com","country_name":"Israel"},{"name":"Bakala - Grocery Store","phone":"+922 3 7070 111","email":"bakala@gmail.com","country_name":"Israel"},{"name":"Bakala - Grocery Store","phone":"+922 3 7070 111","email":"bakala@gmail.com","country_name":"Israel"},{"name":"Brun Tech","phone":"+2 251 966 522 456","email":"info@brun-tech.com","country_name":"Norway"},{"name":"Brun Tech","phone":"+2 251 966 522 456","email":"info@brun-tech.com","country_name":"Norway"},{"name":"Brun Tech","phone":"+2 251 966 522 456","email":"info@brun-tech.com","country_name":"Norway"},{"name":"carmel","phone":"","email":"","country_name":null},{"name":"carmel","phone":"","email":"","country_name":null},{"name":"carmel","phone":"054-2220775","email":"carmelsc.gmail.com","country_name":null},{"name":"carmel","phone":"054-2220775","email":"carmelsc.gmail.com","country_name":null},{"name":"Mr. Green","phone":"+1(021) 145-2256","email":"green@blueberry.com","country_name":"USA"},{"name":"Mr. Green","phone":"+1(021) 145-2256","email":"green@blueberry.com","country_name":"USA"},{"name":"Mr. Green","phone":"+1(021) 145-2256","email":"green@blueberry.com","country_name":"USA"},{"name":"Mr. Green","phone":"+1(021) 145-2256","email":"green@blueberry.com","country_name":"USA"}]